<?xml version="1.0" encoding="UTF-8"?>
<beans xmlns="http://www.springframework.org/schema/beans"
	xmlns:xsi="http://www.w3.org/2001/XMLSchema-instance"
	xmlns:context="http://www.springframework.org/schema/context"
	xsi:schemaLocation="http://www.springframework.org/schema/beans http://www.springframework.org/schema/beans/spring-beans.xsd
		http://www.springframework.org/schema/context http://www.springframework.org/schema/context/spring-context-4.3.xsd">
	<bean id="emp" class="com.cg.demo1.d.EmployeeDAO">
	<property name="emplist" >
	<list>
	<bean class="com.cg.iter.demo1.d.Employee">
	<property name="employeeId" value="723"></property>
	<property name="employeeName" value="Biswa"></property>
	<property name="salary" value="85000"></property>
	</bean>
	<bean class="com.cg.iter.demo1.d.Employee">
	<property name="employeeId" value="999"></property>
	<property name="employeeName" value="Anish"></property>
	<property name="salary" value="65000"></property>
	</bean>
	</list>
	</property>
	</bean>

</beans>
